{
  "cctv_name": "[수원광명선] 수원 수리산1터널",
  "memory_key": "수원광명선_수원_수리산1터널",
  "lane_count": 3,
  "centerlines": [
    {
      "lane_id": 0,
      "cluster_id": 0,
      "rep_model": {
        "type": "linear",
        "coef": [
          -1.919486165046692,
          877.0289306640625
        ]
      },
      "x_mid": 82.36165833473206,
      "count": 1,
      "ratio": 0.2,
      "member_ids": [
        20
      ],
      "source_cluster_ids": [
        2
      ]
    },
    {
      "lane_id": 1,
      "cluster_id": 1,
      "rep_model": {
        "type": "linear",
        "coef": [
          -1.1891834735870361,
          782.2896728515625
        ]
      },
      "x_mid": 289.96771478652954,
      "count": 2,
      "ratio": 0.4,
      "member_ids": [
        12,
        19
      ],
      "source_cluster_ids": [
        0
      ]
    },
    {
      "lane_id": 2,
      "cluster_id": 2,
      "rep_model": {
        "type": "linear",
        "coef": [
          -0.715949296951294,
          743.5577392578125
        ]
      },
      "x_mid": 447.1547303199768,
      "count": 2,
      "ratio": 0.4,
      "member_ids": [
        16,
        22
      ],
      "source_cluster_ids": [
        1
      ]
    }
  ],
  "saved_at": "2026-04-23 18:39:15"
}