{
  "cctv_name": "[수원광명선] 수원 구봉산터널",
  "memory_key": "수원광명선_수원_구봉산터널",
  "lane_count": 2,
  "centerlines": [
    {
      "lane_id": 0,
      "cluster_id": 0,
      "rep_model": {
        "type": "linear",
        "coef": [
          -1.8367353677749634,
          788.7640991210938
        ]
      },
      "x_mid": 28.35565686225891,
      "count": 1,
      "ratio": 0.5,
      "member_ids": [
        172
      ],
      "source_cluster_ids": [
        0
      ]
    },
    {
      "lane_id": 1,
      "cluster_id": 1,
      "rep_model": {
        "type": "linear",
        "coef": [
          -0.7676079273223877,
          651.2966918945312
        ]
      },
      "x_mid": 333.50700998306274,
      "count": 1,
      "ratio": 0.5,
      "member_ids": [
        174
      ],
      "source_cluster_ids": [
        1
      ]
    }
  ],
  "saved_at": "2026-04-22 18:06:36"
}