{
  "cctv_name": "[영동선] [인천1]광교터널(인천1 1 고정)",
  "memory_key": "영동선_인천1_광교터널_인천1_1_고정",
  "lane_count": 2,
  "centerlines": [
    {
      "lane_id": 0,
      "cluster_id": 0,
      "rep_model": {
        "type": "linear",
        "coef": [
          -1.0316667556762695,
          707.1357421875
        ]
      },
      "x_mid": 280.0257053375244,
      "count": 2,
      "ratio": 0.6666666666666666,
      "member_ids": [
        128,
        135
      ],
      "source_cluster_ids": [
        0
      ]
    },
    {
      "lane_id": 1,
      "cluster_id": 1,
      "rep_model": {
        "type": "linear",
        "coef": [
          -0.7347893714904785,
          750.6950073242188
        ]
      },
      "x_mid": 446.49220752716064,
      "count": 1,
      "ratio": 0.3333333333333333,
      "member_ids": [
        136
      ],
      "source_cluster_ids": [
        1
      ]
    }
  ],
  "saved_at": "2026-04-23 16:22:26"
}