{
  "cctv_name": "[제2순환선] 세교터널(서오산)2",
  "memory_key": "제2순환선_세교터널_서오산_2",
  "lane_count": 3,
  "centerlines": [
    {
      "lane_id": 0,
      "cluster_id": 0,
      "rep_model": {
        "type": "linear",
        "coef": [
          1.1396795511245728,
          -103.23636627197266
        ]
      },
      "x_mid": 368.59096789360046,
      "count": 1,
      "ratio": 0.3333333333333333,
      "member_ids": [
        1
      ],
      "source_cluster_ids": [
        0
      ]
    },
    {
      "lane_id": 1,
      "cluster_id": 1,
      "rep_model": {
        "type": "linear",
        "coef": [
          1.3289680480957031,
          42.989646911621094
        ]
      },
      "x_mid": 593.1824188232422,
      "count": 1,
      "ratio": 0.3333333333333333,
      "member_ids": [
        2
      ],
      "source_cluster_ids": [
        1
      ]
    },
    {
      "lane_id": 2,
      "cluster_id": 2,
      "rep_model": {
        "type": "linear",
        "coef": [
          1.794589877128601,
          -85.77509307861328
        ]
      },
      "x_mid": 657.1851160526276,
      "count": 1,
      "ratio": 0.3333333333333333,
      "member_ids": [
        3
      ],
      "source_cluster_ids": [
        2
      ]
    }
  ],
  "saved_at": "2026-04-23 18:23:22"
}