hour,minute_start,count,jam_sum
14,15,1,0.176212
14,20,1,0.172736
14,25,1,0.140207
14,30,1,0.167148
14,35,1,0.213881
14,40,1,0.203433
14,45,1,0.218034
14,50,1,0.195862
14,55,1,0.209369
15,0,1,0.142942
15,5,1,0.248926
15,10,1,0.170947
16,10,1,0.222986
16,15,1,0.228167
16,30,1,0.21016
16,35,1,0.258875
16,40,1,0.244365
