{
  "cctv_name": "[경부선] [서울]경부동탄터널(서울3)",
  "memory_key": "경부선_서울_경부동탄터널_서울3",
  "lane_count": 4,
  "centerlines": [
    {
      "lane_id": 0,
      "cluster_id": 0,
      "rep_model": {
        "type": "linear",
        "coef": [
          -4.038166046142578,
          986.283447265625
        ]
      },
      "x_mid": -685.5172958374023,
      "count": 2,
      "ratio": 0.3333333333333333,
      "member_ids": [
        16,
        32
      ],
      "source_cluster_ids": [
        1
      ]
    },
    {
      "lane_id": 1,
      "cluster_id": 1,
      "rep_model": {
        "type": "linear",
        "coef": [
          -2.871223211288452,
          880.8407592773438
        ]
      },
      "x_mid": -307.84565019607544,
      "count": 1,
      "ratio": 0.16666666666666666,
      "member_ids": [
        21
      ],
      "source_cluster_ids": [
        2
      ]
    },
    {
      "lane_id": 2,
      "cluster_id": 2,
      "rep_model": {
        "type": "linear",
        "coef": [
          -2.0253405570983887,
          799.2298583984375
        ]
      },
      "x_mid": -39.26113224029541,
      "count": 2,
      "ratio": 0.3333333333333333,
      "member_ids": [
        11,
        26
      ],
      "source_cluster_ids": [
        0
      ]
    },
    {
      "lane_id": 3,
      "cluster_id": 3,
      "rep_model": {
        "type": "linear",
        "coef": [
          -1.1019314527511597,
          709.8182373046875
        ]
      },
      "x_mid": 253.6186158657074,
      "count": 1,
      "ratio": 0.16666666666666666,
      "member_ids": [
        23
      ],
      "source_cluster_ids": [
        3
      ]
    }
  ],
  "saved_at": "2026-04-28 15:56:59"
}