{
  "cctv_name": "[경부선] [서울]경부동탄터널(서울2)",
  "memory_key": "경부선_서울_경부동탄터널_서울2",
  "lane_count": 4,
  "centerlines": [
    {
      "lane_id": 0,
      "cluster_id": 0,
      "rep_model": {
        "type": "linear",
        "coef": [
          -3.5307440757751465,
          762.1336669921875
        ]
      },
      "x_mid": -699.5943803787231,
      "count": 1,
      "ratio": 0.2,
      "member_ids": [
        250
      ],
      "source_cluster_ids": [
        1
      ]
    },
    {
      "lane_id": 1,
      "cluster_id": 1,
      "rep_model": {
        "type": "linear",
        "coef": [
          -2.6438705921173096,
          714.8702392578125
        ]
      },
      "x_mid": -379.69218587875366,
      "count": 1,
      "ratio": 0.2,
      "member_ids": [
        268
      ],
      "source_cluster_ids": [
        3
      ]
    },
    {
      "lane_id": 2,
      "cluster_id": 2,
      "rep_model": {
        "type": "linear",
        "coef": [
          -1.6692695617675781,
          693.7764892578125
        ]
      },
      "x_mid": 2.6988906860351562,
      "count": 2,
      "ratio": 0.4,
      "member_ids": [
        263,
        264
      ],
      "source_cluster_ids": [
        2
      ]
    },
    {
      "lane_id": 3,
      "cluster_id": 3,
      "rep_model": {
        "type": "linear",
        "coef": [
          -1.1815612316131592,
          717.9361572265625
        ]
      },
      "x_mid": 228.7698073387146,
      "count": 1,
      "ratio": 0.2,
      "member_ids": [
        248
      ],
      "source_cluster_ids": [
        0
      ]
    }
  ],
  "saved_at": "2026-04-23 18:38:08"
}