{
  "cctv_name": "[수도권제1순환선] 사패터널(퇴계원방향)",
  "memory_key": "수도권제1순환선_사패터널_퇴계원방향",
  "lane_count": 4,
  "centerlines": [
    {
      "lane_id": 0,
      "cluster_id": 0,
      "rep_model": {
        "type": "linear",
        "coef": [
          -3.581195116043091,
          1130.2913818359375
        ]
      },
      "x_mid": -352.3233962059021,
      "count": 1,
      "ratio": 0.2,
      "member_ids": [
        548
      ],
      "source_cluster_ids": [
        2
      ]
    },
    {
      "lane_id": 1,
      "cluster_id": 1,
      "rep_model": {
        "type": "linear",
        "coef": [
          -2.230241060256958,
          876.028564453125
        ]
      },
      "x_mid": -47.291234493255615,
      "count": 1,
      "ratio": 0.2,
      "member_ids": [
        570
      ],
      "source_cluster_ids": [
        3
      ]
    },
    {
      "lane_id": 2,
      "cluster_id": 2,
      "rep_model": {
        "type": "linear",
        "coef": [
          -1.6978020668029785,
          869.4263305664062
        ]
      },
      "x_mid": 166.53627490997314,
      "count": 1,
      "ratio": 0.2,
      "member_ids": [
        528
      ],
      "source_cluster_ids": [
        0
      ]
    },
    {
      "lane_id": 3,
      "cluster_id": 3,
      "rep_model": {
        "type": "linear",
        "coef": [
          -0.6818683743476868,
          728.5443115234375
        ]
      },
      "x_mid": 446.2508045434952,
      "count": 2,
      "ratio": 0.4,
      "member_ids": [
        544,
        560
      ],
      "source_cluster_ids": [
        1
      ]
    }
  ],
  "saved_at": "2026-04-23 16:27:04"
}