{
  "cctv_name": "[수도권제2순환선] 수동터널(포천)12.88",
  "memory_key": "수도권제2순환선_수동터널_포천_12.88",
  "lane_count": 2,
  "centerlines": [
    {
      "lane_id": 0,
      "cluster_id": 0,
      "rep_model": {
        "type": "linear",
        "coef": [
          -2.1735591888427734,
          906.3788452148438
        ]
      },
      "x_mid": 6.525341033935547,
      "count": 1,
      "ratio": 0.3333333333333333,
      "member_ids": [
        38
      ],
      "source_cluster_ids": [
        1
      ]
    },
    {
      "lane_id": 1,
      "cluster_id": 1,
      "rep_model": {
        "type": "linear",
        "coef": [
          -1.0838435888290405,
          784.3551025390625
        ]
      },
      "x_mid": 335.6438567638397,
      "count": 2,
      "ratio": 0.6666666666666666,
      "member_ids": [
        9,
        27
      ],
      "source_cluster_ids": [
        0
      ]
    }
  ],
  "saved_at": "2026-04-28 15:11:52"
}