{
  "cctv_name": "[수도권제2순환선] 수동터널(포천)11.75",
  "memory_key": "수도권제2순환선_수동터널_포천_11.75",
  "lane_count": 2,
  "centerlines": [
    {
      "lane_id": 0,
      "cluster_id": 0,
      "rep_model": {
        "type": "linear",
        "coef": [
          -2.264470100402832,
          774.4278564453125
        ]
      },
      "x_mid": -163.06276512145996,
      "count": 1,
      "ratio": 0.5,
      "member_ids": [
        4
      ],
      "source_cluster_ids": [
        1
      ]
    },
    {
      "lane_id": 1,
      "cluster_id": 1,
      "rep_model": {
        "type": "linear",
        "coef": [
          -1.129014253616333,
          661.908203125
        ]
      },
      "x_mid": 194.49630212783813,
      "count": 1,
      "ratio": 0.5,
      "member_ids": [
        3
      ],
      "source_cluster_ids": [
        0
      ]
    }
  ],
  "saved_at": "2026-04-23 17:27:21"
}