{
  "cctv_name": "[수도권제2순환선] 달뫼터널(포천)23.67",
  "memory_key": "수도권제2순환선_달뫼터널_포천_23.67",
  "lane_count": 2,
  "centerlines": [
    {
      "lane_id": 0,
      "cluster_id": 0,
      "rep_model": {
        "type": "linear",
        "coef": [
          -2.128662347793579,
          874.4509887695312
        ]
      },
      "x_mid": -6.815223217010498,
      "count": 1,
      "ratio": 0.3333333333333333,
      "member_ids": [
        17
      ],
      "source_cluster_ids": [
        1
      ]
    },
    {
      "lane_id": 1,
      "cluster_id": 1,
      "rep_model": {
        "type": "linear",
        "coef": [
          -1.0822436809539795,
          759.865478515625
        ]
      },
      "x_mid": 311.8165946006775,
      "count": 2,
      "ratio": 0.6666666666666666,
      "member_ids": [
        12,
        19
      ],
      "source_cluster_ids": [
        0
      ]
    }
  ],
  "saved_at": "2026-04-27 17:26:50"
}