{
  "cctv_name": "[수도권제2순환선] 수동터널(화도)12.43",
  "memory_key": "수도권제2순환선_수동터널_화도_12.43",
  "lane_count": 2,
  "centerlines": [
    {
      "lane_id": 0,
      "cluster_id": 0,
      "rep_model": {
        "type": "linear",
        "coef": [
          -2.587679862976074,
          986.0844116210938
        ]
      },
      "x_mid": -85.21505165100098,
      "count": 11,
      "ratio": 0.8461538461538461,
      "member_ids": [
        9,
        49,
        57,
        72,
        75,
        112,
        152,
        156,
        163,
        183,
        60
      ],
      "source_cluster_ids": [
        0,
        2
      ]
    },
    {
      "lane_id": 1,
      "cluster_id": 1,
      "rep_model": {
        "type": "linear",
        "coef": [
          -1.3657433986663818,
          847.866455078125
        ]
      },
      "x_mid": 282.4486880302429,
      "count": 2,
      "ratio": 0.15384615384615385,
      "member_ids": [
        111,
        32
      ],
      "source_cluster_ids": [
        3,
        1
      ]
    }
  ],
  "saved_at": "2026-04-24 12:56:54"
}