{
  "cctv_name": "[안양성남선] 청계산3터널(성남)",
  "memory_key": "안양성남선_청계산3터널_성남",
  "lane_count": 2,
  "centerlines": [
    {
      "lane_id": 0,
      "cluster_id": 0,
      "rep_model": {
        "type": "linear",
        "coef": [
          -1.4553587436676025,
          814.1635131835938
        ]
      },
      "x_mid": 211.6449933052063,
      "count": 1,
      "ratio": 0.5,
      "member_ids": [
        109
      ],
      "source_cluster_ids": [
        0
      ]
    },
    {
      "lane_id": 1,
      "cluster_id": 1,
      "rep_model": {
        "type": "linear",
        "coef": [
          -1.0680859088897705,
          809.0006103515625
        ]
      },
      "x_mid": 366.8130440711975,
      "count": 1,
      "ratio": 0.5,
      "member_ids": [
        115
      ],
      "source_cluster_ids": [
        1
      ]
    }
  ],
  "saved_at": "2026-04-24 15:28:30"
}