{
  "cctv_name": "[안양성남선] 삼성산터널(안양)",
  "memory_key": "안양성남선_삼성산터널_안양",
  "lane_count": 3,
  "centerlines": [
    {
      "lane_id": 0,
      "cluster_id": 0,
      "rep_model": {
        "type": "linear",
        "coef": [
          -3.120546579360962,
          832.8587646484375
        ]
      },
      "x_mid": -459.04751920700073,
      "count": 2,
      "ratio": 0.4,
      "member_ids": [
        14,
        2
      ],
      "source_cluster_ids": [
        3,
        0
      ]
    },
    {
      "lane_id": 1,
      "cluster_id": 1,
      "rep_model": {
        "type": "linear",
        "coef": [
          -2.4699838161468506,
          854.8845825195312
        ]
      },
      "x_mid": -167.6887173652649,
      "count": 1,
      "ratio": 0.2,
      "member_ids": [
        9
      ],
      "source_cluster_ids": [
        2
      ]
    },
    {
      "lane_id": 2,
      "cluster_id": 2,
      "rep_model": {
        "type": "linear",
        "coef": [
          -1.790872573852539,
          738.81640625
        ]
      },
      "x_mid": -2.604839324951172,
      "count": 2,
      "ratio": 0.4,
      "member_ids": [
        7,
        11
      ],
      "source_cluster_ids": [
        1
      ]
    }
  ],
  "saved_at": "2026-04-24 12:18:22"
}