{
  "cctv_name": "[평택제천선] 안진터널(평택)-7/10",
  "memory_key": "평택제천선_안진터널_평택_-7_10",
  "lane_count": 2,
  "centerlines": [
    {
      "lane_id": 0,
      "cluster_id": 0,
      "rep_model": {
        "type": "linear",
        "coef": [
          -2.075800657272339,
          817.539306640625
        ]
      },
      "x_mid": -41.84216547012329,
      "count": 1,
      "ratio": 0.5,
      "member_ids": [
        10
      ],
      "source_cluster_ids": [
        0
      ]
    },
    {
      "lane_id": 1,
      "cluster_id": 1,
      "rep_model": {
        "type": "linear",
        "coef": [
          -0.9283088445663452,
          745.9813842773438
        ]
      },
      "x_mid": 361.66152262687683,
      "count": 1,
      "ratio": 0.5,
      "member_ids": [
        24
      ],
      "source_cluster_ids": [
        1
      ]
    }
  ],
  "saved_at": "2026-04-23 17:52:33"
}