hour,minute_start,count,jam_sum
14,15,1,0.123439
14,20,1,0.155036
14,25,1,0.11645
14,30,1,0.173153
14,35,1,0.155302
14,40,1,0.142232
15,10,1,0.12469
