hour,minute_start,count,jam_sum
14,15,1,0.046793
14,20,1,0.052302
14,25,1,0.049117
14,30,1,0.059421
14,35,1,0.046561
14,40,1,0.055896
15,10,1,0.038733
