hour,minute_start,count,jam_sum
14,15,1,0.00645
14,20,1,0.007166
14,25,1,0.008429
14,30,1,0.008172
14,35,1,0.007845
14,40,1,0.008558
14,45,1,0.009046
14,50,1,0.008784
14,55,1,0.008591
15,0,1,0.008765
15,5,1,0.007036
15,10,1,0.007512
16,40,1,0.167994
