hour,minute_start,count,jam_sum
9,45,1,0.071326
9,50,1,0.133736
9,55,1,0.070383
10,0,1,0.12916
10,5,1,0.114986
10,10,1,0.100942
15,10,1,0.068024
