hour,minute_start,count,jam_sum
9,45,1,0.056617
9,50,1,0.061978
9,55,1,0.033649
10,0,1,0.053965
10,5,1,0.087378
10,10,1,0.109576
15,10,1,0.109795
