hour,minute_start,count,jam_sum
9,35,1,0.105889
9,40,1,0.128221
9,45,1,0.098305
9,50,1,0.127763
9,55,1,0.159507
10,0,1,0.175236
10,5,1,0.112298
10,10,1,0.141558
16,40,1,0.12315
