hour,minute_start,count,jam_sum
9,35,1,0.072576
9,40,1,0.073268
9,45,1,0.095856
9,50,1,0.070419
9,55,1,0.134202
10,0,1,0.070459
10,5,1,0.116509
10,10,1,0.085633
16,40,1,0.109875
